{
    "models/checkpoints/Eden_SDXL.safetensors": "https://edenartlab-lfs.s3.amazonaws.com/models/checkpoints/Eden_SDXL.safetensors",
    "models/checkpoints/juggernautXL_version6Rundiffusion.safetensors": "https://edenartlab-lfs.s3.us-east-1.amazonaws.com/comfyui/models2/checkpoints/juggernautXL_version6Rundiffusion.safetensors",
    "models/clip_vision/CLIP-ViT-H-14-laion2B-s32B-b79K.safetensors": "https://edenartlab-lfs.s3.amazonaws.com/comfyui/models2/clip_vision/CLIP-ViT-H-14-laion2B-s32B-b79K.safetensors",
    "models/embeddings/negativeXL_D.safetensors": "https://edenartlab-lfs.s3.amazonaws.com/comfyui/models2/embeddings/negativeXL_D.safetensors",
    "models/loras/froyd7sinsmodel_sdxl_lora.safetensors": "https://edenartlab-lfs.s3.us-east-1.amazonaws.com/comfyui/models2/assets/temple_abyss/froyd7sinsmodel_sdxl_lora.safetensors",
    "models/embeddings/froyd7sinsmodel_sdxl_embeddings.safetensors": "https://edenartlab-lfs.s3.us-east-1.amazonaws.com/comfyui/models2/assets/temple_abyss/froyd7sinsmodel_sdxl_embeddings.safetensors",
    "models/controlnet/controlnet-depth-sdxl-1.0/diffusion_pytorch_model.safetensors": "https://huggingface.co/xinsir/controlnet-depth-sdxl-1.0/resolve/main/diffusion_pytorch_model.safetensors",
    "models/controlnet/controlnet-scribble-sdxl-1.0/diffusion_pytorch_model.safetensors": "https://huggingface.co/xinsir/controlnet-scribble-sdxl-1.0/resolve/main/diffusion_pytorch_model.safetensors",
    "models/controlnet/controlnet-openpose-sdxl-1.0/diffusion_pytorch_model.safetensors": "https://huggingface.co/xinsir/controlnet-openpose-sdxl-1.0/resolve/main/diffusion_pytorch_model.safetensors",
    "models/controlnet/t2i-adapter-lineart-sdxl-1.0/diffusion_pytorch_model.safetensors": "https://huggingface.co/TencentARC/t2i-adapter-lineart-sdxl-1.0/resolve/main/diffusion_pytorch_model.safetensors",
    "models/controlnet/diffusers_xl_canny_full.safetensors": "https://huggingface.co/lllyasviel/sd_control_collection/resolve/d1b278d0d1103a3a7c4f7c2c327d236b082a75b1/diffusers_xl_canny_full.safetensors",
    "models/controlnet/controlnet-canny-sdxl-1.0/diffusion_pytorch_model_V2.safetensors": "https://huggingface.co/xinsir/controlnet-canny-sdxl-1.0/resolve/main/diffusion_pytorch_model_V2.safetensors",
    "input/A_black_image.jpg": "https://upload.wikimedia.org/wikipedia/commons/4/49/A_black_image.jpg",
    "input/black_dummy.jpg": "https://edenartlab-lfs.s3.us-east-1.amazonaws.com/comfyui/models2/assets/black_dummy.jpg",
    "models/ipadapter/ip-adapter-plus_sd15.safetensors": "https://edenartlab-lfs.s3.amazonaws.com/comfyui/models2/ipadapter/ip-adapter-plus_sd15.safetensors",
    "models/ipadapter/ip-adapter-plus_sdxl_vit-h.safetensors": "https://edenartlab-lfs.s3.amazonaws.com/comfyui/models2/ipadapter/ip-adapter-plus_sdxl_vit-h.safetensors",
    "custom_nodes/comfyui_controlnet_aux/ckpts/lllyasviel/Annotators/dpt_hybrid-midas-501f0c75.pt": "https://huggingface.co/lllyasviel/ControlNet/resolve/main/annotator/ckpts/dpt_hybrid-midas-501f0c75.pt",
    "custom_nodes/comfyui_controlnet_aux/ckpts/TheMistoAI/MistoLine/Anyline/MTEED.pth": "https://huggingface.co/TheMistoAI/MistoLine/resolve/main/Anyline/MTEED.pth",
    "custom_nodes/comfyui_controlnet_aux/ckpts/lllyasviel/ckpts/yzd-v/DWPose/dw-ll_ucoco_384.onnx": "https://huggingface.co/yzd-v/DWPose/resolve/main/dw-ll_ucoco_384.onnx",
    "custom_nodes/comfyui_controlnet_aux/ckpts/lllyasviel/ckpts/yzd-v/DWPose/yolox_l.onnx": "https://huggingface.co/yzd-v/DWPose/resolve/main/yolox_l.onnx",
    "custom_nodes/comfyui_controlnet_aux/ckpts/lllyasviel/Annotators/facenet.pth": "https://huggingface.co/lllyasviel/Annotators/resolve/main/facenet.pth",
    "custom_nodes/comfyui_controlnet_aux/ckpts/lllyasviel/Annotators/hand_pose_model.pth": "https://huggingface.co/lllyasviel/ControlNet/resolve/main/annotator/ckpts/hand_pose_model.pth",
    "custom_nodes/comfyui_controlnet_aux/ckpts/lllyasviel/Annotators/body_pose_model.pth": "https://huggingface.co/lllyasviel/ControlNet/resolve/main/annotator/ckpts/body_pose_model.pth",
    "custom_nodes/comfyui_controlnet_aux/ckpts/lllyasviel/Annotators/ControlNetHED.pth": "https://huggingface.co/lllyasviel/Annotators/resolve/main/ControlNetHED.pth",
    "custom_nodes/comfyui_controlnet_aux/ckpts/lllyasviel/Annotators/sk_model.pth": "https://huggingface.co/lllyasviel/Annotators/resolve/main/sk_model.pth",
    "custom_nodes/comfyui_controlnet_aux/ckpts/lllyasviel/Annotators/sk_model2.pth": "https://huggingface.co/lllyasviel/Annotators/resolve/main/sk_model2.pth",
    "custom_nodes/comfyui_controlnet_aux/ckpts/lllyasviel/Annotators/table5_pidinet.pth": "https://huggingface.co/TencentARC/T2I-Adapter/resolve/main/third-party-models/table5_pidinet.pth",
    "custom_nodes/comfyui_controlnet_aux/ckpts/depth-anything/Depth-Anything-V2-Large/depth_anything_v2_vitl.pth": "https://huggingface.co/depth-anything/Depth-Anything-V2-Large/resolve/main/depth_anything_v2_vitl.pth",
    "https://edenartlab-prod-data.s3.us-east-1.amazonaws.com/Eden_model_froyd7sinsmodel679cb661b637f8d9b7d6673e_new2.tar": "https://edenartlab-prod-data.s3.us-east-1.amazonaws.com/Eden_model_froyd7sinsmodel679cb661b637f8d9b7d6673e_new2.tar",
    "input/aura-point-icon422x.png": "https://edenartlab-lfs.s3.us-east-1.amazonaws.com/comfyui/models2/assets/temple-abyss-epic-lore-master/aura-point-icon422x.png",
    "input/azure-clan-overlay-422x.png": "https://edenartlab-lfs.s3.us-east-1.amazonaws.com/comfyui/models2/assets/temple-abyss-epic-lore-master/azure-clan-overlay-422x.png",
    "input/azure-epic-rarity-badge.png": "https://edenartlab-lfs.s3.us-east-1.amazonaws.com/comfyui/models2/assets/temple-abyss-epic-lore-master/azure-epic-rarity-badge.png",
    "input/azure-ultra-rare-clan-badge.png": "https://edenartlab-lfs.s3.us-east-1.amazonaws.com/comfyui/models2/assets/temple-abyss-epic-lore-master/azure-ultra-rare-clan-badge.png",
    "input/character-box-1.png": "https://edenartlab-lfs.s3.us-east-1.amazonaws.com/comfyui/models2/assets/temple-abyss-epic-lore-master/character-box-1.png",
    "input/character-box-2.png": "https://edenartlab-lfs.s3.us-east-1.amazonaws.com/comfyui/models2/assets/temple-abyss-epic-lore-master/character-box-2.png",
    "input/character-box-3.png": "https://edenartlab-lfs.s3.us-east-1.amazonaws.com/comfyui/models2/assets/temple-abyss-epic-lore-master/character-box-3.png",
    "input/character-box-4.png": "https://edenartlab-lfs.s3.us-east-1.amazonaws.com/comfyui/models2/assets/temple-abyss-epic-lore-master/character-box-4.png",
    "input/grey-clan-overlay-422x.png": "https://edenartlab-lfs.s3.us-east-1.amazonaws.com/comfyui/models2/assets/temple-abyss-epic-lore-master/grey-clan-overlay-422x.png",
    "input/grey-epic-rarity-badge.png": "https://edenartlab-lfs.s3.us-east-1.amazonaws.com/comfyui/models2/assets/temple-abyss-epic-lore-master/grey-epic-rarity-badge.png",
    "input/grey-ultra-rare-clan-badge.png": "https://edenartlab-lfs.s3.us-east-1.amazonaws.com/comfyui/models2/assets/temple-abyss-epic-lore-master/grey-ultra-rare-clan-badge.png",
    "input/jade-clan-overlay-422x.png": "https://edenartlab-lfs.s3.us-east-1.amazonaws.com/comfyui/models2/assets/temple-abyss-epic-lore-master/jade-clan-overlay-422x.png",
    "input/jade-epic-rarity-badge.png": "https://edenartlab-lfs.s3.us-east-1.amazonaws.com/comfyui/models2/assets/temple-abyss-epic-lore-master/jade-epic-rarity-badge.png",
    "input/jade-ultra-rare-clan-badge.png": "https://edenartlab-lfs.s3.us-east-1.amazonaws.com/comfyui/models2/assets/temple-abyss-epic-lore-master/jade-ultra-rare-clan-badge.png",
    "input/llm-lore-box-brushed-1.png": "https://edenartlab-lfs.s3.us-east-1.amazonaws.com/comfyui/models2/assets/temple-abyss-epic-lore-master/llm-lore-box-brushed-1.png",
    "input/llm-lore-box-brushed-2.png": "https://edenartlab-lfs.s3.us-east-1.amazonaws.com/comfyui/models2/assets/temple-abyss-epic-lore-master/llm-lore-box-brushed-2.png",
    "input/llm-lore-box-brushed-3.png": "https://edenartlab-lfs.s3.us-east-1.amazonaws.com/comfyui/models2/assets/temple-abyss-epic-lore-master/llm-lore-box-brushed-3.png",
    "input/llm-lore-box-brushed-4.png": "https://edenartlab-lfs.s3.us-east-1.amazonaws.com/comfyui/models2/assets/temple-abyss-epic-lore-master/llm-lore-box-brushed-4.png",
    "input/lore-master-icon.png": "https://edenartlab-lfs.s3.us-east-1.amazonaws.com/comfyui/models2/assets/temple-abyss-epic-lore-master/lore-master-icon.png",
    "input/matte-for-card422x.png": "https://edenartlab-lfs.s3.us-east-1.amazonaws.com/comfyui/models2/assets/temple-abyss-epic-lore-master/matte-for-card422x.png",
    "input/scarlet-clan-overlay-422x.png": "https://edenartlab-lfs.s3.us-east-1.amazonaws.com/comfyui/models2/assets/temple-abyss-epic-lore-master/scarlet-clan-overlay-422x.png",
    "input/scarlet-epic-rarity-badge.png": "https://edenartlab-lfs.s3.us-east-1.amazonaws.com/comfyui/models2/assets/temple-abyss-epic-lore-master/scarlet-epic-rarity-badge.png",
    "input/scarlet-ultra-rare-clan-badge.png": "https://edenartlab-lfs.s3.us-east-1.amazonaws.com/comfyui/models2/assets/temple-abyss-epic-lore-master/scarlet-ultra-rare-clan-badge.png",
    "models/clip/t5xxl_fp16.safetensors": "https://huggingface.co/comfyanonymous/flux_text_encoders/resolve/main/t5xxl_fp16.safetensors",
    "models/clip/clip_l.safetensors": "https://huggingface.co/comfyanonymous/flux_text_encoders/resolve/main/clip_l.safetensors",
    "models/vae/ae.safetensors": "https://huggingface.co/black-forest-labs/FLUX.1-schnell/resolve/main/ae.safetensors",
    "models/diffusion_models/flux1-fill-dev.safetensors": "https://huggingface.co/black-forest-labs/FLUX.1-Fill-dev/resolve/main/flux1-fill-dev.safetensors"
}