{
  "10": {
    "inputs": {
      "audio": "promp+it+up.mp3"
    },
    "class_type": "LoadAudio",
    "_meta": {
      "title": "LoadAudio"
    }
  },
  "11": {
    "inputs": {
      "chunk_fade_shape": "half_sine",
      "chunk_length": 16,
      "chunk_overlap": 0.1,
      "audio": [
        "18",
        0
      ]
    },
    "class_type": "AudioSeparation",
    "_meta": {
      "title": "AudioSeparation"
    }
  },
  "18": {
    "inputs": {
      "start_time": "0:00",
      "end_time": "10:00",
      "audio": [
        "10",
        0
      ]
    },
    "class_type": "AudioCrop",
    "_meta": {
      "title": "AudioCrop"
    }
  },
  "22": {
    "inputs": {
      "filename_prefix": "audio/audio-separation-bass",
      "audio": [
        "11",
        0
      ]
    },
    "class_type": "SaveAudio",
    "_meta": {
      "title": "SaveAudio"
    }
  },
  "23": {
    "inputs": {
      "filename_prefix": "audio/audio-separation-drums",
      "audio": [
        "11",
        1
      ]
    },
    "class_type": "SaveAudio",
    "_meta": {
      "title": "SaveAudio"
    }
  },
  "24": {
    "inputs": {
      "filename_prefix": "audio/audio-separation-other",
      "audio": [
        "11",
        2
      ]
    },
    "class_type": "SaveAudio",
    "_meta": {
      "title": "SaveAudio"
    }
  },
  "25": {
    "inputs": {
      "filename_prefix": "audio/audio-separation-vocals",
      "audio": [
        "11",
        3
      ]
    },
    "class_type": "SaveAudio",
    "_meta": {
      "title": "SaveAudio"
    }
  },
  "26": {
    "inputs": {
      "method": "add",
      "audio_1": [
        "11",
        0
      ],
      "audio_2": [
        "11",
        1
      ]
    },
    "class_type": "AudioCombine",
    "_meta": {
      "title": "AudioCombine"
    }
  },
  "27": {
    "inputs": {
      "method": "add",
      "audio_1": [
        "26",
        0
      ],
      "audio_2": [
        "11",
        2
      ]
    },
    "class_type": "AudioCombine",
    "_meta": {
      "title": "AudioCombine"
    }
  },
  "28": {
    "inputs": {
      "filename_prefix": "audio/instrumentals/track",
      "audio": [
        "27",
        0
      ]
    },
    "class_type": "SaveAudio",
    "_meta": {
      "title": "SaveAudio"
    }
  }
}