{
  "last_node_id": 28,
  "last_link_id": 31,
  "nodes": [
    {
      "id": 23,
      "type": "SaveAudio",
      "pos": [
        470,
        480
      ],
      "size": [
        315,
        112
      ],
      "flags": {},
      "order": 4,
      "mode": 0,
      "inputs": [
        {
          "name": "audio",
          "type": "AUDIO",
          "link": 24
        }
      ],
      "outputs": [],
      "properties": {
        "cnr_id": "comfy-core",
        "ver": "0.3.23",
        "Node name for S&R": "SaveAudio"
      },
      "widgets_values": [
        "audio/audio-separation-drums",
        ""
      ]
    },
    {
      "id": 24,
      "type": "SaveAudio",
      "pos": [
        470,
        640
      ],
      "size": [
        315,
        112
      ],
      "flags": {},
      "order": 6,
      "mode": 0,
      "inputs": [
        {
          "name": "audio",
          "type": "AUDIO",
          "link": 25
        }
      ],
      "outputs": [],
      "properties": {
        "cnr_id": "comfy-core",
        "ver": "0.3.23",
        "Node name for S&R": "SaveAudio"
      },
      "widgets_values": [
        "audio/audio-separation-other",
        ""
      ]
    },
    {
      "id": 25,
      "type": "SaveAudio",
      "pos": [
        470,
        800
      ],
      "size": [
        315,
        112
      ],
      "flags": {},
      "order": 7,
      "mode": 0,
      "inputs": [
        {
          "name": "audio",
          "type": "AUDIO",
          "link": 26
        }
      ],
      "outputs": [],
      "properties": {
        "cnr_id": "comfy-core",
        "ver": "0.3.23",
        "Node name for S&R": "SaveAudio"
      },
      "widgets_values": [
        "audio/audio-separation-vocals",
        ""
      ]
    },
    {
      "id": 26,
      "type": "AudioCombine",
      "pos": [
        53,
        828
      ],
      "size": [
        315,
        78
      ],
      "flags": {},
      "order": 5,
      "mode": 0,
      "inputs": [
        {
          "name": "audio_1",
          "type": "AUDIO",
          "link": 29
        },
        {
          "name": "audio_2",
          "type": "AUDIO",
          "link": 30
        }
      ],
      "outputs": [
        {
          "name": "AUDIO",
          "type": "AUDIO",
          "shape": 3,
          "links": [
            27
          ],
          "slot_index": 0
        }
      ],
      "properties": {
        "cnr_id": "audio-separation-nodes-comfyui",
        "ver": "31a4567726e035097cc2d1f767767908a6fda2ea",
        "Node name for S&R": "AudioCombine"
      },
      "widgets_values": [
        "add"
      ]
    },
    {
      "id": 28,
      "type": "SaveAudio",
      "pos": [
        467,
        968
      ],
      "size": [
        315,
        112
      ],
      "flags": {},
      "order": 9,
      "mode": 0,
      "inputs": [
        {
          "name": "audio",
          "type": "AUDIO",
          "link": 28
        }
      ],
      "outputs": [],
      "properties": {
        "cnr_id": "comfy-core",
        "ver": "0.3.23",
        "Node name for S&R": "SaveAudio"
      },
      "widgets_values": [
        "audio/instrumentals/track",
        ""
      ]
    },
    {
      "id": 22,
      "type": "SaveAudio",
      "pos": [
        463,
        320
      ],
      "size": [
        315,
        112
      ],
      "flags": {},
      "order": 3,
      "mode": 0,
      "inputs": [
        {
          "name": "audio",
          "type": "AUDIO",
          "link": 23
        }
      ],
      "outputs": [],
      "properties": {
        "cnr_id": "comfy-core",
        "ver": "0.3.23",
        "Node name for S&R": "SaveAudio"
      },
      "widgets_values": [
        "audio/audio-separation-bass",
        ""
      ]
    },
    {
      "id": 18,
      "type": "AudioCrop",
      "pos": [
        -322,
        508
      ],
      "size": [
        315,
        82
      ],
      "flags": {},
      "order": 1,
      "mode": 0,
      "inputs": [
        {
          "name": "audio",
          "type": "AUDIO",
          "link": 18
        }
      ],
      "outputs": [
        {
          "name": "AUDIO",
          "type": "AUDIO",
          "shape": 3,
          "links": [
            19
          ],
          "slot_index": 0
        }
      ],
      "properties": {
        "cnr_id": "audio-separation-nodes-comfyui",
        "ver": "31a4567726e035097cc2d1f767767908a6fda2ea",
        "Node name for S&R": "AudioCrop"
      },
      "widgets_values": [
        "0:00",
        "10:00"
      ]
    },
    {
      "id": 11,
      "type": "AudioSeparation",
      "pos": [
        44.39500045776367,
        502.469970703125
      ],
      "size": [
        315,
        166
      ],
      "flags": {},
      "order": 2,
      "mode": 0,
      "inputs": [
        {
          "name": "audio",
          "type": "AUDIO",
          "link": 19
        }
      ],
      "outputs": [
        {
          "name": "Bass",
          "type": "AUDIO",
          "shape": 3,
          "links": [
            23,
            29
          ],
          "slot_index": 0
        },
        {
          "name": "Drums",
          "type": "AUDIO",
          "shape": 3,
          "links": [
            24,
            30
          ],
          "slot_index": 1
        },
        {
          "name": "Other",
          "type": "AUDIO",
          "shape": 3,
          "links": [
            25,
            31
          ],
          "slot_index": 2
        },
        {
          "name": "Vocals",
          "type": "AUDIO",
          "shape": 3,
          "links": [
            26
          ],
          "slot_index": 3
        }
      ],
      "properties": {
        "cnr_id": "audio-separation-nodes-comfyui",
        "ver": "31a4567726e035097cc2d1f767767908a6fda2ea",
        "Node name for S&R": "AudioSeparation"
      },
      "widgets_values": [
        "half_sine",
        16,
        0.1
      ]
    },
    {
      "id": 27,
      "type": "AudioCombine",
      "pos": [
        54.41999816894531,
        980.8399658203125
      ],
      "size": [
        315,
        78
      ],
      "flags": {},
      "order": 8,
      "mode": 0,
      "inputs": [
        {
          "name": "audio_1",
          "type": "AUDIO",
          "link": 27
        },
        {
          "name": "audio_2",
          "type": "AUDIO",
          "link": 31
        }
      ],
      "outputs": [
        {
          "name": "AUDIO",
          "type": "AUDIO",
          "shape": 3,
          "links": [
            28
          ],
          "slot_index": 0
        }
      ],
      "properties": {
        "cnr_id": "audio-separation-nodes-comfyui",
        "ver": "31a4567726e035097cc2d1f767767908a6fda2ea",
        "Node name for S&R": "AudioCombine"
      },
      "widgets_values": [
        "add"
      ]
    },
    {
      "id": 10,
      "type": "LoadAudio",
      "pos": [
        -765,
        507
      ],
      "size": [
        381.5714111328125,
        144
      ],
      "flags": {},
      "order": 0,
      "mode": 0,
      "inputs": [],
      "outputs": [
        {
          "name": "AUDIO",
          "type": "AUDIO",
          "shape": 3,
          "links": [
            18
          ],
          "slot_index": 0
        }
      ],
      "properties": {
        "cnr_id": "comfy-core",
        "ver": "0.3.23",
        "Node name for S&R": "LoadAudio"
      },
      "widgets_values": [
        "promp+it+up.mp3",
        "",
        ""
      ]
    }
  ],
  "links": [
    [
      18,
      10,
      0,
      18,
      0,
      "AUDIO"
    ],
    [
      19,
      18,
      0,
      11,
      0,
      "AUDIO"
    ],
    [
      23,
      11,
      0,
      22,
      0,
      "AUDIO"
    ],
    [
      24,
      11,
      1,
      23,
      0,
      "AUDIO"
    ],
    [
      25,
      11,
      2,
      24,
      0,
      "AUDIO"
    ],
    [
      26,
      11,
      3,
      25,
      0,
      "AUDIO"
    ],
    [
      27,
      26,
      0,
      27,
      0,
      "AUDIO"
    ],
    [
      28,
      27,
      0,
      28,
      0,
      "AUDIO"
    ],
    [
      29,
      11,
      0,
      26,
      0,
      "AUDIO"
    ],
    [
      30,
      11,
      1,
      26,
      1,
      "AUDIO"
    ],
    [
      31,
      11,
      2,
      27,
      1,
      "AUDIO"
    ]
  ],
  "groups": [],
  "config": {},
  "extra": {
    "ds": {
      "scale": 0.826446280991736,
      "offset": [
        1232.8834631312166,
        -227.29611963644504
      ]
    },
    "ue_links": [],
    "VHS_latentpreview": false,
    "VHS_latentpreviewrate": 0
  },
  "version": 0.4
}