{
    "comfyui": "ab888e1e0b8a7558081713241172d0a38f837e16",
    "git_custom_nodes": {
        "https://github.com/drmbt/comfyui-dreambait-nodes": {
            "hash": "4342d8973112d20650be55b9a32fb082960451ac",
            "disabled": false
        },
        "https://github.com/kijai/ComfyUI-KJNodes": {
            "hash": "8ecf5cd05e0a1012087b0da90eea9a13674668db",
            "disabled": false
        },
        "https://github.com/ltdrdata/ComfyUI-Manager": {
            "hash": "17e5c3d2f50ce6e7081816884077a5533c993b0c",
            "disabled": false
        },
        "https://github.com/Fannovel16/comfyui_controlnet_aux": {
            "hash": "5a049bde9cc117dafc327cded156459289097ea1",
            "disabled": false
        },
        "https://github.com/cubiq/ComfyUI_essentials": {
            "hash": "33ff89fd354d8ec3ab6affb605a79a931b445d99",
            "disabled": false
        },
        "https://github.com/chflame163/ComfyUI_LayerStyle": {
            "hash": "127be44f9d6b384e874a73ba794a7eeb8f2b6a0f",
            "disabled": false
        },
        "https://github.com/drmbt/ControlFlowUtils": {
            "hash": "45127f08ac627ca79242c800fdba945ae40f200c",
            "disabled": false
        },
        "https://github.com/edenartlab/eden_comfy_pipelines": {
            "hash": "9207e676b5451658c3b1e80870976bf19eb15e87",
            "disabled": false
        },
        "https://github.com/rgthree/rgthree-comfy": {
            "hash": "b84f39c7c224de765de0b54c55b967329011819d",
            "disabled": false
        },
        "https://github.com/yolain/ComfyUI-Easy-Use": {
            "hash": "44f067632352c449263e11f0d9b708c9fd30e989",
            "disabled": false
        },

        "https://github.com/WASasquatch/was-node-suite-comfyui": {
            "hash": "831199b898394c0385576d80628fce6b7931d317",
            "disabled": false
        },
        "https://github.com/aria1th/ComfyUI-LogicUtils": {
            "hash": "11361414068c2e56bc8d696b05078b589803b98a",
            "disabled": false
        },
        "https://github.com/pythongosssss/ComfyUI-Custom-Scripts": {
            "hash": "-",
            "disabled": false
        }
    },
    "cnr_custom_nodes": {},
    "file_custom_nodes": [
        {
            "filename": "websocket_image_save.py",
            "disabled": false
        }
    ],
    "unknown_nodes": [
        "ResizeShortestToNode"
    ],
    "pips": {
        "accelerate==1.3.0": "",
        "aiohappyeyeballs==2.4.4": "",
        "aiohttp==3.11.12": "",
        "aiosignal==1.3.2": "",
        "annotated-types==0.7.0": "",
        "anyio==4.8.0": "",
        "attrs==25.1.0": "",
        "black==25.1.0": "",
        "certifi==2025.1.31": "",
        "cffi==1.17.1": "",
        "charset-normalizer==3.4.1": "",
        "click==8.1.8": "",
        "clip-interrogator==0.6.0": "",
        "colorama==0.4.6": "",
        "comfy-cli==1.3.6": "",
        "contourpy==1.3.1": "",
        "cryptography==44.0.0": "",
        "cycler==0.12.1": "",
        "Deprecated==1.2.18": "",
        "distro==1.9.0": "",
        "einops==0.8.0": "",
        "filelock==3.17.0": "",
        "fonttools==4.55.8": "",
        "frozenlist==1.5.0": "",
        "fsspec==2025.2.0": "",
        "ftfy==6.3.1": "",
        "gitdb==4.0.12": "",
        "GitPython==3.1.44": "",
        "h11==0.14.0": "",
        "httpcore==1.0.7": "",
        "httpx==0.28.1": "",
        "huggingface-hub==0.28.1": "",
        "idna==3.10": "",
        "imageio==2.37.0": "",
        "inquirerpy==0.3.4": "",
        "Jinja2==3.1.4": "",
        "jiter==0.8.2": "",
        "joblib==1.4.2": "",
        "kiwisolver==1.4.8": "",
        "kornia==0.8.0": "",
        "kornia_rs==0.1.8": "",
        "lark==1.2.2": "",
        "lazy_loader==0.4": "",
        "markdown-it-py==3.0.0": "",
        "MarkupSafe==2.1.5": "",
        "matplotlib==3.10.0": "",
        "matrix-client==0.4.0": "",
        "mdurl==0.1.2": "",
        "mixpanel==4.10.1": "",
        "mpmath==1.3.0": "",
        "multidict==6.1.0": "",
        "mypy-extensions==1.0.0": "",
        "networkx==3.3": "",
        "numpy==1.26.4": "",
        "open_clip_torch==2.26.1": "",
        "openai==1.61.1": "",
        "opencv-python==4.11.0.86": "",
        "packaging==24.2": "",
        "pathspec==0.12.1": "",
        "pfzy==0.3.4": "",
        "pillow==11.0.0": "",
        "platformdirs==4.3.6": "",
        "prompt_toolkit==3.0.50": "",
        "propcache==0.2.1": "",
        "psutil==6.1.1": "",
        "pycparser==2.22": "",
        "pydantic==2.10.6": "",
        "pydantic_core==2.27.2": "",
        "PyGithub==2.5.0": "",
        "Pygments==2.19.1": "",
        "PyJWT==2.10.1": "",
        "PyNaCl==1.5.0": "",
        "pyparsing==3.2.1": "",
        "python-dateutil==2.9.0.post0": "",
        "python-dotenv==1.0.1": "",
        "PyYAML==6.0.2": "",
        "questionary==2.1.0": "",
        "regex==2024.11.6": "",
        "requests==2.32.3": "",
        "requirements-parser==0.11.0": "",
        "rich==13.9.4": "",
        "ruff==0.9.4": "",
        "safetensors==0.5.2": "",
        "scikit-image==0.25.1": "",
        "scikit-learn==1.6.1": "",
        "scipy==1.15.1": "",
        "semver==3.0.4": "",
        "sentencepiece==0.2.0": "",
        "setuptools==70.2.0": "",
        "shellingham==1.5.4": "",
        "six==1.17.0": "",
        "smmap==5.0.2": "",
        "sniffio==1.3.1": "",
        "soundfile==0.13.1": "",
        "spandrel==0.4.1": "",
        "sympy==1.13.1": "",
        "threadpoolctl==3.5.0": "",
        "tifffile==2025.1.10": "",
        "timm==1.0.14": "",
        "tokenizers==0.21.0": "",
        "toml==0.10.2": "",
        "tomlkit==0.13.2": "",
        "torch==2.6.0+cu124": "",
        "torchaudio==2.6.0+cu124": "",
        "torchsde==0.2.6": "",
        "torchvision==0.21.0+cu124": "",
        "tqdm==4.67.1": "",
        "trampoline==0.1.2": "",
        "transformers==4.48.2": "",
        "typer==0.15.1": "",
        "types-setuptools==75.8.0.20250110": "",
        "typing_extensions==4.12.2": "",
        "urllib3==1.26.20": "",
        "uv==0.5.27": "",
        "wcwidth==0.2.13": "",
        "websocket-client==1.8.0": "",
        "wrapt==1.17.2": "",
        "yarl==1.18.3": ""
    }
}